c_account_ID, c_address, c_firstname, c_lastname, c_phone_number, c_email
021273538,1296 NEWELL ST MD 06896,JAMES,FRAZIER,(410)-540-5954,JAMES_FRAZIER@gmail.com
925305353,939 JULIAN AVE MD 72726,JULIE-MARIE,PHAM,(410)-757-7919,JULIE-MARIE_PHAM@gmail.com
520733299,2554 KENSINGTON WAY MD 46989,SUZANAH,HAWKINS,(410)-013-7528,SUZANAH_HAWKINS@gmail.com
848234086,1109 MCRAE LN MD 78043,CHERLENE,RICHMOND,(410)-439-3672,CHERLENE_RICHMOND@gmail.com
954614225,3785 STOCKTON TUNL MD 11498,HONOR,KEMP,(410)-512-2552,HONOR_KEMP@gmail.com
118294967,1717 WEDEMEYER ST MD 31718,EDWINA,WELCH,(410)-319-5614,EDWINA_WELCH@gmail.com
670262365,5238 KELHAM ST MD 04331,SUZANNAH,SHAH,(410)-303-0143,SUZANNAH_SHAH@gmail.com
400948140,6739 FAIRFIELD WAY MD 34230,JASWINDER,NOBLE,(410)-870-3632,JASWINDER_NOBLE@gmail.com
311093424,5732 BEACON ST MD 42819,JACQUELYN,BARRERA,(410)-556-7942,JACQUELYN_BARRERA@gmail.com
438280125,1392 OLMSTEAD ST MD 00275,KRISTOFFER,YATES,(410)-654-2117,KRISTOFFER_YATES@gmail.com
965652232,5973 MARY TERESA ST MD 89577,NIKKI,IRWIN,(410)-221-9151,NIKKI_IRWIN@gmail.com
117306275,1496 HERMANN ST MD 34494,SETH,BALL,(410)-595-4248,SETH_BALL@gmail.com
882508909,1467 DORCAS WAY MD 51078,JIAN-PENG,MALONE,(410)-631-9065,JIAN-PENG_MALONE@gmail.com
570609116,4584 LAKE FOREST CT MD 87315,GREGOR,KLINE,(410)-505-6324,GREGOR_KLINE@gmail.com
870925775,3478 MASSASOIT ST MD 53991,ROCHELLE,MCKEE,(410)-003-4973,ROCHELLE_MCKEE@gmail.com
881392431,7079 MONTCALM ST MD 42169,KERILEE,SKINNER,(410)-171-4443,KERILEE_SKINNER@gmail.com
404667711,76 EXCHANGE PL MD 77648,REENA,HODGES,(410)-626-5177,REENA_HODGES@gmail.com
198226890,5812 GARCIA AVE MD 89447,NATALEIGH,MELENDEZ,(410)-715-7872,NATALEIGH_MELENDEZ@gmail.com
708650243,6357 MINT PLZ MD 28759,DALBEER,WALTER,(410)-672-7724,DALBEER_WALTER@gmail.com
860400101,5113 JAMESTOWN AVE MD 17037,KACIE,CRUZ,(410)-811-6460,KACIE_CRUZ@gmail.com
905202519,9455 CARL ST MD 06952,LAURENE,WILLIAMS,(410)-834-7912,LAURENE_WILLIAMS@gmail.com
697588953,3137 UNNAMED 187 MD 34513,FARAZ,PATTERSON,(410)-032-5309,FARAZ_PATTERSON@gmail.com
823422646,2477 WELDON ST MD 16717,SHEREEN,CHANG,(410)-789-9607,SHEREEN_CHANG@gmail.com
162571102,8755 BOCANA ST MD 95928,JULIETTE,MORALES,(410)-640-7821,JULIETTE_MORALES@gmail.com
762871192,1059 FARNUM ST MD 58974,JACLYNN,AVERY,(410)-213-1745,JACLYNN_AVERY@gmail.com
127950333,479 MILES ST MD 48659,SHAUN,ZHANG,(410)-842-1139,SHAUN_ZHANG@gmail.com
496981325,3074 LITTLEFIELD TER MD 98449,KENINA,HODGE,(410)-281-4098,KENINA_HODGE@gmail.com
652283919,9824 FULTON ST MD 57374,SUE,HINTON,(410)-545-7311,SUE_HINTON@gmail.com
007713400,3251 COMERFORD ST MD 52816,RAEANNE,MCCONNELL,(410)-413-4667,RAEANNE_MCCONNELL@gmail.com
615300494,8708 ANDOVER ST MD 31361,CARLY,CARRILLO,(410)-821-1295,CARLY_CARRILLO@gmail.com
686818723,459 TREASURE ISLAND RD MD 79293,SORAYA,RICH,(410)-351-3469,SORAYA_RICH@gmail.com
796716697,5398 NOTTINGHAM PL MD 79745,HARRIET,CONLEY,(410)-529-5438,HARRIET_CONLEY@gmail.com
485104086,7549 FORT MASON 13 MD 26691,PEARL,FRANK,(410)-193-0153,PEARL_FRANK@gmail.com
484086622,747 ESPANOLA ST MD 35758,CATHAL,AVILA,(410)-378-0820,CATHAL_AVILA@gmail.com
239839521,8478 SANTOS ST MD 13512,MECHELLE,WARREN,(410)-868-3381,MECHELLE_WARREN@gmail.com
932775574,4241 HILL POINT AVE MD 89311,CHERELLE,BRIGHT,(410)-286-7958,CHERELLE_BRIGHT@gmail.com
887135682,3363 CRISP RD MD 23072,PLATO,KNIGHT,(410)-071-2979,PLATO_KNIGHT@gmail.com
365172503,1647 DWIGHT ST MD 02069,ANNA,ONEAL,(410)-850-1795,ANNA_ONEAL@gmail.com
978292162,1549 11TH TI ST MD 51072,SANAD,BURCH,(410)-806-1900,SANAD_BURCH@gmail.com
984478800,7547 UNNAMED 146 MD 39159,KIERIAN,CONTRERAS,(410)-316-4793,KIERIAN_CONTRERAS@gmail.com
477888384,9543 BROAD ST MD 01886,FERN,BARRERA,(410)-453-8162,FERN_BARRERA@gmail.com
990828232,6281 YOUNG CT MD 59570,AKHIQUR,CUNNINGHAM,(410)-467-1377,AKHIQUR_CUNNINGHAM@gmail.com
381987464,6928 ENCANTO AVE MD 66446,SOPHIA,ARIAS,(410)-226-2049,SOPHIA_ARIAS@gmail.com
074865806,4065 MORGAN ALY MD 52904,ASA,FINLEY,(410)-845-6945,ASA_FINLEY@gmail.com
435413761,5503 RIO VERDE ST MD 40584,BLAISE,REYES,(410)-759-4287,BLAISE_REYES@gmail.com
041720273,6260 BATTERY CROSBY RD MD 55338,SALLY-ANN,RICE,(410)-342-6678,SALLY-ANN_RICE@gmail.com
049388915,1018 ARLETA AVE MD 27434,KELVIN,GLENN,(410)-873-6917,KELVIN_GLENN@gmail.com
945746097,320 JAVA ST MD 44187,SELENA,ARELLANO,(410)-163-5221,SELENA_ARELLANO@gmail.com
912610459,3870 UNNAMED 041 MD 04799,AMANDA,RICH,(410)-112-3985,AMANDA_RICH@gmail.com
652364933,7731 SILVER AVE MD 97236,TAMI,HAYNES,(410)-549-1723,TAMI_HAYNES@gmail.com
733998131,2957 STOCKTON TUNL MD 00718,MELANIA,HALEY,(410)-666-8629,MELANIA_HALEY@gmail.com
010571700,9985 DEWITT RD MD 82750,DYFRIG,DALTON,(410)-840-6883,DYFRIG_DALTON@gmail.com
983501583,8946 RODRIGUEZ ST MD 80881,TORE,SPENCE,(410)-471-7710,TORE_SPENCE@gmail.com
759647548,9814 RIVERA ST MD 09005,MAHTAB,SANTOS,(410)-476-9678,MAHTAB_SANTOS@gmail.com
451520871,5192 35TH AVE MD 28340,MOHD,MUNOZ,(410)-459-3430,MOHD_MUNOZ@gmail.com
701313340,9425 ROSSMOOR DR MD 28290,KAREEM,CERVANTES,(410)-353-8736,KAREEM_CERVANTES@gmail.com
685499871,6036 CUSHMAN ST MD 43008,BELINA,REYES,(410)-775-0424,BELINA_REYES@gmail.com
295056722,4782 ESQUINA DR MD 06588,ARCHIBALD,BROCK,(410)-578-8599,ARCHIBALD_BROCK@gmail.com
173323715,5818 TROY ALY MD 90922,YAWAR,ADKINS,(410)-265-6425,YAWAR_ADKINS@gmail.com
919624555,5335 LEO ST MD 44979,HONOR,MONTES,(410)-529-5079,HONOR_MONTES@gmail.com
567966456,3773 SHAKESPEARE ST MD 90062,LAWRANCE,BOYLE,(410)-668-4520,LAWRANCE_BOYLE@gmail.com
187246004,172 SAN LUIS AVE MD 67493,MATILDA,WAGNER,(410)-203-2339,MATILDA_WAGNER@gmail.com
942668322,3977 NEBRASKA ST MD 87901,DYEAN,HANEY,(410)-413-3227,DYEAN_HANEY@gmail.com
593479510,4556 BOSWORTH ST MD 72182,SANDER,SCHMIDT,(410)-480-3618,SANDER_SCHMIDT@gmail.com
164917317,6537 CAMEO WAY MD 20128,LEISA,MASON,(410)-454-3735,LEISA_MASON@gmail.com
415771353,794 CONRAD ST MD 97530,LEE,KIRBY,(410)-878-4598,LEE_KIRBY@gmail.com
267310348,8809 AMATISTA LN MD 83762,DARLENE,HUMPHREY,(410)-008-0745,DARLENE_HUMPHREY@gmail.com
623347737,447 BATTERY CAULFIELD RD MD 29182,FIVOS,HUFF,(410)-016-8156,FIVOS_HUFF@gmail.com
121659368,6794 SIXTH ST MD 35132,LAXMI,MELTON,(410)-644-6657,LAXMI_MELTON@gmail.com
306541931,4638 BADGER ST MD 48872,ZUBAIR,CAREY,(410)-592-6788,ZUBAIR_CAREY@gmail.com
153288662,7447 UNNAMED 042 MD 42919,REGINA,LANE,(410)-116-1901,REGINA_LANE@gmail.com
807455567,9484 SANTA RITA AVE MD 85744,ALASDAIR,DICKSON,(410)-687-3969,ALASDAIR_DICKSON@gmail.com
097259607,4564 GIANTS DR MD 85035,RICARDO-LEE,CHANDLER,(410)-294-1545,RICARDO-LEE_CHANDLER@gmail.com
395440093,5949 JAKEY CT MD 31879,DAMION,MASSEY,(410)-859-8914,DAMION_MASSEY@gmail.com
238155169,2125 JACK LONDON ALY MD 11680,JOLINDA,VALENZUELA,(410)-640-0156,JOLINDA_VALENZUELA@gmail.com
664453821,7298 SHARP PL MD 58912,SHAZIA,CASEY,(410)-054-9631,SHAZIA_CASEY@gmail.com
605358164,151 SANTA PAULA AVE MD 87158,SHOAIB,CHOI,(410)-726-2666,SHOAIB_CHOI@gmail.com
401035390,7090 WRIGHT CT MD 20312,LUDMILA,STAFFORD,(410)-834-5250,LUDMILA_STAFFORD@gmail.com
071735126,7703 LUNDYS LN MD 85890,GEORFFREY,MORRIS,(410)-216-7812,GEORFFREY_MORRIS@gmail.com
591026083,4632 MOUNTAIN SPRING AVE MD 51165,NATASHA,NELSON,(410)-411-5687,NATASHA_NELSON@gmail.com
421061179,7976 FRENCH CT MD 28047,LAI,GREGORY,(410)-855-1810,LAI_GREGORY@gmail.com
893535003,5442 VALDEZ AVE MD 11178,FRANKIE,BAIRD,(410)-682-0923,FRANKIE_BAIRD@gmail.com
112356113,3538 06TH HP AVE MD 39318,ALICEN,SHEPPARD,(410)-125-6360,ALICEN_SHEPPARD@gmail.com
380650248,5253 KISSLING ST MD 68832,GALLIE,CLAYTON,(410)-519-1638,GALLIE_CLAYTON@gmail.com
827917743,4413 HAWKINS LN MD 64003,IBIYINKA,OLSEN,(410)-046-2344,IBIYINKA_OLSEN@gmail.com
663566682,9178 ALANA WAY MD 85874,JORDANNA,MARKS,(410)-580-7282,JORDANNA_MARKS@gmail.com
664076416,4265 MANSFIELD ST MD 22963,KIRI-ANA,DUDLEY,(410)-815-8151,KIRI-ANA_DUDLEY@gmail.com
463773894,4505 BATTERY CROSBY RD MD 51220,RUBYET,GREGORY,(410)-429-2120,RUBYET_GREGORY@gmail.com
937845529,9077 UNNAMED 096 MD 06450,CHERAL,CHAMBERS,(410)-037-8499,CHERAL_CHAMBERS@gmail.com
229642945,7542 OTSEGO AVE MD 41488,FAEZ,DORSEY,(410)-074-6458,FAEZ_DORSEY@gmail.com
805070040,4198 FREEMAN CT MD 95021,ARMON,MARTIN,(410)-215-1543,ARMON_MARTIN@gmail.com
541689882,1922 LAGUNA HONDA BLVD MD 39019,SHIE,SAUNDERS,(410)-653-2379,SHIE_SAUNDERS@gmail.com
972045524,3756 EXCHANGE PL MD 92962,BOBBIE,OROZCO,(410)-619-6142,BOBBIE_OROZCO@gmail.com
383805958,1642 VALPARAISO ST MD 83453,JUDY,SCHROEDER,(410)-809-9015,JUDY_SCHROEDER@gmail.com
459384518,8592 JERROLD AVE MD 57664,JAY,PARSONS,(410)-603-1987,JAY_PARSONS@gmail.com
449252195,1748 GLADIOLUS LN MD 14484,RUAIRIDH,BOWMAN,(410)-064-2679,RUAIRIDH_BOWMAN@gmail.com
666727629,7468 MYRA WAY MD 11677,JONATHAN,FROST,(410)-627-1447,JONATHAN_FROST@gmail.com
930798344,7972 RAYCLIFF TER MD 03646,ALLYN,GRIFFIN,(410)-675-4026,ALLYN_GRIFFIN@gmail.com
095714384,3011 CAMPTON PL MD 95374,BARBARA,HINES,(410)-245-0288,BARBARA_HINES@gmail.com
369811737,8120 PORTER ST MD 27832,CORINNA,MADDEN,(410)-129-7653,CORINNA_MADDEN@gmail.com
951015944,3675 ALMA ST MD 40090,SIDENA,HODGES,(410)-669-5200,SIDENA_HODGES@gmail.com
228327666,6545 VIA BUFANO MD 24678,HARLEEN,POTTS,(410)-415-5181,HARLEEN_POTTS@gmail.com
378640961,251 SOUTH VAN NESS AVE MD 28095,JEFF,MARKS,(410)-038-2906,JEFF_MARKS@gmail.com
197568241,3350 RAVENWOOD DR MD 47367,FAIZA,STRICKLAND,(410)-345-6645,FAIZA_STRICKLAND@gmail.com
639926621,3704 LOBOS ST MD 38359,GERAINT,BURCH,(410)-528-7793,GERAINT_BURCH@gmail.com
528253452,5266 LA BICA WAY MD 64862,ROGINA,HARRISON,(410)-107-5161,ROGINA_HARRISON@gmail.com
142560611,822 CRANE ST MD 81523,NEIL,MCDANIEL,(410)-837-8814,NEIL_MCDANIEL@gmail.com
295857089,7436 MENDOSA AVE MD 19250,LAURENT,JENNINGS,(410)-430-2680,LAURENT_JENNINGS@gmail.com
925475803,8618 SHAFTER CT MD 61711,KERRYJANE,VAZQUEZ,(410)-853-0160,KERRYJANE_VAZQUEZ@gmail.com
137804271,6216 DORMAN AVE MD 79810,SALMA,SAMPSON,(410)-743-0896,SALMA_SAMPSON@gmail.com
939195561,5513 DIAMOND ST MD 02287,LYNSEY,GUERRA,(410)-639-4966,LYNSEY_GUERRA@gmail.com
205478575,401 WESTSIDE DR MD 08426,CLAIRE,GAMBLE,(410)-476-3179,CLAIRE_GAMBLE@gmail.com
939789994,4320 PAGODA PL MD 06229,POLLY,BLACK,(410)-628-2896,POLLY_BLACK@gmail.com
560333206,2188 BRODERICK ST MD 15415,TUHAL,DODSON,(410)-126-9713,TUHAL_DODSON@gmail.com
930670627,8133 24TH ST MD 13681,GURPREET,HAMILTON,(410)-259-5902,GURPREET_HAMILTON@gmail.com
467285252,52 BOWLEY CT MD 59551,SANNA,GRANT,(410)-436-8913,SANNA_GRANT@gmail.com
410003304,3137 FILBERT ST MD 82586,SANNA,BROCK,(410)-461-8064,SANNA_BROCK@gmail.com
835735667,5347 RUTLAND ST MD 69996,MAXIMILLION,PALMER,(410)-419-3341,MAXIMILLION_PALMER@gmail.com
022289078,8704 ROSE ST MD 05756,LILLIAN,TATE,(410)-146-9608,LILLIAN_TATE@gmail.com
171734808,7811 PINTO AVE MD 61152,DONNA-LOUISE,MERCER,(410)-826-4035,DONNA-LOUISE_MERCER@gmail.com
909524822,2315 HUMBOLDT ST MD 65592,NAFEESA,SHEPPARD,(410)-085-5475,NAFEESA_SHEPPARD@gmail.com
040760869,8413 MOUNTAIN SPRING AVE MD 74816,PETER-PATRICK,MARTINEZ,(410)-338-9695,PETER-PATRICK_MARTINEZ@gmail.com
435411609,5654 FERNWOOD DR MD 23333,ELISA,DUNLAP,(410)-490-0483,ELISA_DUNLAP@gmail.com
802596906,8108 HAVENSIDE DR MD 85649,CINDY,MCKAY,(410)-484-5043,CINDY_MCKAY@gmail.com
522345250,9769 SCHOFIELD CT MD 18733,NASHMYA,WILSON,(410)-397-7740,NASHMYA_WILSON@gmail.com
704285047,7875 SUTTER ST MD 59870,SBAH,GALLOWAY,(410)-095-5879,SBAH_GALLOWAY@gmail.com
285299400,7907 GREENWICH CT MD 74293,CALEY,CASTRO,(410)-880-2972,CALEY_CASTRO@gmail.com
625244522,9364 ROACH ST MD 82958,LENA,WILSON,(410)-243-3597,LENA_WILSON@gmail.com
153002096,48 MAYNARD ST MD 57375,DANA,BARRON,(410)-348-9625,DANA_BARRON@gmail.com
665344599,8753 ASHTON AVE MD 36049,MEGGAN,BENNETT,(410)-164-1511,MEGGAN_BENNETT@gmail.com
148358355,3107 41ST AVE MD 82828,ANGELENE,MORRISON,(410)-498-3746,ANGELENE_MORRISON@gmail.com
611998354,3067 UNNAMED 051 MD 06671,THOMASIN,ANDRADE,(410)-390-7679,THOMASIN_ANDRADE@gmail.com
239801459,4331 ANGELOS ALY MD 43750,NURHIDAYAH,BAIRD,(410)-209-4011,NURHIDAYAH_BAIRD@gmail.com
723452031,7079 OTSEGO AVE MD 73836,KRISTAN,RICH,(410)-624-0787,KRISTAN_RICH@gmail.com
618709296,8296 JERROLD AVE MD 60189,LEANDRA,DIAZ,(410)-835-0859,LEANDRA_DIAZ@gmail.com
978258893,7536 CRESCIO CT MD 46813,CALLY,POWELL,(410)-100-8906,CALLY_POWELL@gmail.com
062740139,554 KISSLING ST MD 69489,AYAH,NASH,(410)-025-2524,AYAH_NASH@gmail.com
926045573,4093 NORTHGATE DR MD 92391,CREAG,DOUGLAS,(410)-838-6650,CREAG_DOUGLAS@gmail.com
272854410,8156 ENTERPRISE ST MD 52827,CARLOS,COOKE,(410)-281-0655,CARLOS_COOKE@gmail.com
233468501,8266 JOHNSTONE DR MD 57871,KAIL,STEPHENSON,(410)-042-9698,KAIL_STEPHENSON@gmail.com
305427400,1777 LOEHR ST MD 60998,JANICE-ANNE,BARKER,(410)-508-8281,JANICE-ANNE_BARKER@gmail.com
988020172,2544 ESCONDIDO AVE MD 72599,NARINDER,BREWER,(410)-310-2278,NARINDER_BREWER@gmail.com
875268434,2852 LAKE ST MD 58371,VIVIENNE,RICHARDS,(410)-377-3898,VIVIENNE_RICHARDS@gmail.com
299888752,1536 STARK ST MD 74983,SANAH,KRUEGER,(410)-178-0099,SANAH_KRUEGER@gmail.com
739235546,2353 VULCAN STWY MD 21114,KAILY-ANN,GAY,(410)-824-4675,KAILY-ANN_GAY@gmail.com
676235808,3042 WALKER CT MD 29645,HUMMAH,HARRELL,(410)-860-8693,HUMMAH_HARRELL@gmail.com
459118976,2937 EL MIRASOL PL MD 36330,ADEM,MCCULLOUGH,(410)-511-3109,ADEM_MCCULLOUGH@gmail.com
075661950,1464 SANTA MONICA WAY MD 32745,AKBER,MCNEIL,(410)-657-1029,AKBER_MCNEIL@gmail.com
656668635,9822 HULBERT ALY MD 43664,ANNIKA,BARKER,(410)-206-0647,ANNIKA_BARKER@gmail.com
663538709,1437 VESTA ST MD 86093,ARCHIBALD,DOUGLAS,(410)-297-5166,ARCHIBALD_DOUGLAS@gmail.com
209749153,9530 PIERPOINT LN MD 70933,SKYE,SILVA,(410)-488-5069,SKYE_SILVA@gmail.com
588912516,8244 SHAW ALY MD 61468,RAHANNA,THOMPSON,(410)-402-9259,RAHANNA_THOMPSON@gmail.com
616202039,1311 WILLARD ST NORTH MD 00902,MELVILLE,CHANG,(410)-153-5444,MELVILLE_CHANG@gmail.com
500367527,1744 POST ST MD 55895,JAWAD,CHARLES,(410)-225-0657,JAWAD_CHARLES@gmail.com
308375419,5243 KAMILLE CT MD 90492,JAVERIA,RHODES,(410)-355-7332,JAVERIA_RHODES@gmail.com
913014616,7582 MARGARET AVE MD 86690,HOWARD,DALTON,(410)-341-0147,HOWARD_DALTON@gmail.com
232562153,5290 DEL VALE AVE MD 51926,JEROEN,BENTON,(410)-875-6220,JEROEN_BENTON@gmail.com
848081404,7652 RUSS ST MD 94452,HUMAYUN,CHAMBERS,(410)-027-7812,HUMAYUN_CHAMBERS@gmail.com
879619278,1182 KENWOOD WAY MD 49782,CLARA,SCHULTZ,(410)-170-6851,CLARA_SCHULTZ@gmail.com
450312675,7155 GOLDING LN MD 45742,SHELLY,MAYO,(410)-285-9783,SHELLY_MAYO@gmail.com
862715077,3492 WHEELER AVE MD 66978,JAMIE,RIOS,(410)-404-8898,JAMIE_RIOS@gmail.com
870454380,276 PAULDING ST MD 13982,VERITY,BYRD,(410)-010-2388,VERITY_BYRD@gmail.com
226838039,507 PORTWAY PASSAGE MD 07057,MIRREN,LEE,(410)-594-3135,MIRREN_LEE@gmail.com
322876754,5543 APPLETON ST MD 84944,AGNES,ORTEGA,(410)-268-6630,AGNES_ORTEGA@gmail.com
178233218,6376 SAUL ST MD 06184,ELLA-JEAN,FLETCHER,(410)-045-2197,ELLA-JEAN_FLETCHER@gmail.com
942291081,4261 DOUBLE ROCK ST MD 06716,LEWIS,MOON,(410)-794-8499,LEWIS_MOON@gmail.com
795546092,7851 CRANLEIGH DR MD 91167,ISLA-DAWN,SCHWARTZ,(410)-855-0045,ISLA-DAWN_SCHWARTZ@gmail.com
572313291,4794 FONTINELLA TER MD 50391,ZYNAB,PEREZ,(410)-287-5840,ZYNAB_PEREZ@gmail.com
405478449,6209 CAMPTON PL MD 35944,MORNA,SHORT,(410)-643-5816,MORNA_SHORT@gmail.com
638941358,4975 DORADO TER MD 62196,AMELIA,CONWAY,(410)-408-8315,AMELIA_CONWAY@gmail.com
062574193,9260 SANTA YSABEL AVE MD 50002,NANETTE,HORNE,(410)-718-4638,NANETTE_HORNE@gmail.com
052400152,8372 BRET HARTE TER MD 15120,SAHD,DURHAM,(410)-614-6506,SAHD_DURHAM@gmail.com
629976156,8817 WINN WAY MD 10967,MANJIT,GOLDEN,(410)-395-4506,MANJIT_GOLDEN@gmail.com
791946834,9154 BERKELEY WAY MD 30931,ZYRAH,PRUITT,(410)-608-6610,ZYRAH_PRUITT@gmail.com
789482640,3201 FIRST DR WEST MD 81253,COLETTE,JONES,(410)-629-0805,COLETTE_JONES@gmail.com
740911882,3576 ATALAYA TER MD 71307,KIREN,GUERRA,(410)-228-2944,KIREN_GUERRA@gmail.com
354513888,6280 VALMAR TER MD 40804,TRACEY,PIERCE,(410)-171-6425,TRACEY_PIERCE@gmail.com
809923228,5553 LOWER FORT MASON ST MD 09223,SHARLEEN,ORTIZ,(410)-631-6171,SHARLEEN_ORTIZ@gmail.com
004984508,6959 UNNAMED 148 MD 98641,HENDRY,OBRIEN,(410)-272-9007,HENDRY_OBRIEN@gmail.com
371996031,5300 TURK MURPHY LN MD 06317,LEONARD,PAYNE,(410)-402-7362,LEONARD_PAYNE@gmail.com
162506439,3622 28TH AVE MD 06320,TERRANCE,SLOAN,(410)-333-2990,TERRANCE_SLOAN@gmail.com
692608737,7873 LONG BRIDGE ST MD 48218,JEREMIAH,ENGLISH,(410)-497-7998,JEREMIAH_ENGLISH@gmail.com
602136898,5199 KAMILLE CT MD 54566,DANIELLE,MCCLAIN,(410)-823-8007,DANIELLE_MCCLAIN@gmail.com
842251956,4172 HARRISON ST MD 67426,MARIE-CLAIRE,KANE,(410)-217-0540,MARIE-CLAIRE_KANE@gmail.com
442877124,5342 MARKET ST MD 10003,SENGA,STEIN,(410)-034-7355,SENGA_STEIN@gmail.com
161099974,1683 WOODWARD ST MD 58246,KARA-LEE,NEWTON,(410)-223-2880,KARA-LEE_NEWTON@gmail.com
143113534,7678 TERRY A FRANCOIS BLVD MD 22508,EREN,HARRINGTON,(410)-752-2960,EREN_HARRINGTON@gmail.com
521230103,2957 FORT MILEY 7 MD 63698,SHERYLINE,LOVE,(410)-790-5648,SHERYLINE_LOVE@gmail.com
629192953,4090 AMES ST MD 89851,JAMIE,BRYANT,(410)-443-7595,JAMIE_BRYANT@gmail.com
169769255,5545 SILVERVIEW DR MD 36877,NIKKI-LEE,SINGH,(410)-168-2731,NIKKI-LEE_SINGH@gmail.com
163401649,2703 LORAINE CT MD 17370,ISA,WHITE,(410)-360-9466,ISA_WHITE@gmail.com
167943432,2499 WEBSTER ST MD 51941,VICTORIA,GALLEGOS,(410)-536-1807,VICTORIA_GALLEGOS@gmail.com
335926890,7933 19TH AVE MD 76008,ISAAC,FREDERICK,(410)-434-7994,ISAAC_FREDERICK@gmail.com
101378547,9150 HWY 101 N ON RAMP MD 87790,DOMINICK,BASS,(410)-680-3608,DOMINICK_BASS@gmail.com
881579672,2402 CASELLI AVE MD 55505,LEIGH,MURILLO,(410)-145-2089,LEIGH_MURILLO@gmail.com
415578651,4957 23RD AVE MD 39402,MARION,WEST,(410)-383-9694,MARION_WEST@gmail.com
434890800,4301 CORWIN ST MD 22816,GURUMRITE,MURILLO,(410)-160-1896,GURUMRITE_MURILLO@gmail.com
801396218,2005 UNNAMED 042 MD 08354,KALEB,BURTON,(410)-774-0727,KALEB_BURTON@gmail.com
927874275,6443 WOOL CT MD 37677,RENEE,AVILA,(410)-213-4917,RENEE_AVILA@gmail.com
770532143,6389 AVENUE N MD 12112,ZANDRA,FREDERICK,(410)-244-3373,ZANDRA_FREDERICK@gmail.com
946018289,3878 WHEAT ST MD 92380,LEIGH-ANN,RIVERS,(410)-831-9708,LEIGH-ANN_RIVERS@gmail.com
683087871,2460 THOMAS CT MD 71941,FELICIANO,LINDSEY,(410)-374-2498,FELICIANO_LINDSEY@gmail.com
958297846,9370 ASHBURY ST MD 94529,IRVIN,CRAIG,(410)-603-3901,IRVIN_CRAIG@gmail.com
875247749,2990 SAINT FRANCIS BLVD MD 90696,CHIEN,PRUITT,(410)-125-9638,CHIEN_PRUITT@gmail.com
052319154,7502 HICKORY ST MD 00394,MARINA,HUGHES,(410)-756-0458,MARINA_HUGHES@gmail.com
233399254,34 ESCONDIDO AVE MD 54928,MONICA,MUNOZ,(410)-381-5188,MONICA_MUNOZ@gmail.com
535482418,2206 STILL ST MD 76693,BERNADETTE,CABRERA,(410)-756-9851,BERNADETTE_CABRERA@gmail.com
198770390,4932 BROMLEY PL MD 84536,AFSHAN,LEON,(410)-720-1367,AFSHAN_LEON@gmail.com
406736507,4754 LAKE MERCED HILL ST NORTH MD 69521,SHARLYNE,CUEVAS,(410)-588-8589,SHARLYNE_CUEVAS@gmail.com
741825363,7644 MACALLA RD MD 58181,ORAN,DRAKE,(410)-015-3007,ORAN_DRAKE@gmail.com
004204988,3107 WINTHROP ST MD 18585,ORRY,COSTA,(410)-318-8867,ORRY_COSTA@gmail.com
864060356,7292 SPRINGFIELD DR MD 53206,ASIA,SEXTON,(410)-044-1513,ASIA_SEXTON@gmail.com
899116154,363 SAN MIGUEL ST MD 40351,EMILIANNA,BUCK,(410)-078-8254,EMILIANNA_BUCK@gmail.com
970893207,5974 FERN ST MD 87587,JOSSIE,LYONS,(410)-448-6225,JOSSIE_LYONS@gmail.com
355365931,6136 INA CT MD 38324,LYALL,WHITE,(410)-583-0355,LYALL_WHITE@gmail.com
106229433,4189 UNNAMED 075 MD 88798,SOPHIE,GORDON,(410)-853-7069,SOPHIE_GORDON@gmail.com
221863622,6893 UNNAMED 097 MD 99793,LEA-ANNE,GRAVES,(410)-552-3503,LEA-ANNE_GRAVES@gmail.com
316753547,2690 BERNICE RODGERS WAY MD 64230,SJAVON-DEE,FLYNN,(410)-212-9372,SJAVON-DEE_FLYNN@gmail.com
700597135,1582 SPRECKELS LAKE DR MD 01872,NKEM,MILES,(410)-269-2151,NKEM_MILES@gmail.com
764228914,3082 BERTIE MINOR LN MD 86815,BEVERLY,MORA,(410)-259-4434,BEVERLY_MORA@gmail.com
190369164,4392 WILLIAMS AVE MD 23481,PHELIM,COSTA,(410)-505-1894,PHELIM_COSTA@gmail.com
043086971,7768 BREWSTER ST MD 17489,NICKAYLA,COPELAND,(410)-590-6552,NICKAYLA_COPELAND@gmail.com
090725080,6315 BROMLEY PL MD 03493,MELVIN,WERNER,(410)-814-2609,MELVIN_WERNER@gmail.com
713473755,7314 CITYVIEW WAY MD 62863,KATERYNA,WILSON,(410)-865-2548,KATERYNA_WILSON@gmail.com
011905318,9721 TEHAMA ST MD 39054,STEPHENIE,HOOD,(410)-243-8393,STEPHENIE_HOOD@gmail.com
525164322,406 LOS PALMOS DR MD 72076,KARIS,PETERS,(410)-818-9107,KARIS_PETERS@gmail.com
216299155,4461 OAK ACCESS RD MD 96798,JORDON,BROCK,(410)-124-2715,JORDON_BROCK@gmail.com
883827924,7315 DUTCH WINDMILL ACCESS RD MD 49127,BARRY,CUMMINGS,(410)-767-5670,BARRY_CUMMINGS@gmail.com
147300331,2604 CLEARY CT MD 08214,NASEER,SHORT,(410)-731-2781,NASEER_SHORT@gmail.com
801405567,3286 COLTON ST MD 44542,NINA,SANFORD,(410)-492-9624,NINA_SANFORD@gmail.com
030223088,4230 UNNAMED 115 MD 79034,ALEC,FIGUEROA,(410)-249-0365,ALEC_FIGUEROA@gmail.com
188638407,4641 UNNAMED ST MD 81034,PERRY,ANDRADE,(410)-387-1699,PERRY_ANDRADE@gmail.com
541826702,7609 NAPLES ST MD 88951,KIRK,JARVIS,(410)-798-6007,KIRK_JARVIS@gmail.com
851324594,1107 APOLLO ST MD 08765,TODD,WILKINS,(410)-708-4567,TODD_WILKINS@gmail.com
230258006,2429 FILBERT ST MD 61180,ORPHY,BISHOP,(410)-705-3926,ORPHY_BISHOP@gmail.com
070024597,5744 CASTELO AVE MD 79196,MUNRO,YOUNG,(410)-803-5280,MUNRO_YOUNG@gmail.com
367149285,3170 CLEO RAND AVE MD 69656,KERRY-MARIE,GUERRERO,(410)-819-1908,KERRY-MARIE_GUERRERO@gmail.com
624684982,7780 HUDSON AVE MD 77808,SHAH,SIMON,(410)-764-7845,SHAH_SIMON@gmail.com
050607828,5931 PALOS PL MD 15136,GABRIELLE,SOLOMON,(410)-322-9812,GABRIELLE_SOLOMON@gmail.com
118660291,4810 BLISS CT MD 49272,CERIAN,SANDOVAL,(410)-864-0601,CERIAN_SANDOVAL@gmail.com
104570940,5780 SHAFTER AVE MD 43931,SUCHJIT,CLINE,(410)-366-2489,SUCHJIT_CLINE@gmail.com
579826737,5898 POLLOCK ST MD 91127,FELICE,TERRELL,(410)-034-7178,FELICE_TERRELL@gmail.com
729312032,3961 RESTANI WAY MD 09561,CHERELLE,MENDOZA,(410)-320-5330,CHERELLE_MENDOZA@gmail.com
057351329,6619 CONSTANSO WAY MD 48023,TABITHA,BOLTON,(410)-448-7100,TABITHA_BOLTON@gmail.com
078343485,8019 DRUMM ST MD 68988,LESLEYANN,HODGE,(410)-064-2443,LESLEYANN_HODGE@gmail.com
248703321,4245 CARTER ST MD 57743,BETINA,OCONNOR,(410)-020-2606,BETINA_OCONNOR@gmail.com
078181887,3735 CAPITOL AVE MD 89455,VALARIE,DAVENPORT,(410)-646-8771,VALARIE_DAVENPORT@gmail.com
866386819,156 SCHOOL ALY MD 09719,PAMESH,HOLDEN,(410)-826-5442,PAMESH_HOLDEN@gmail.com
428408069,7897 MULFORD ALY MD 12223,FHIONN,WHITEHEAD,(410)-079-3201,FHIONN_WHITEHEAD@gmail.com
004128052,364 INDUSTRIAL ST OFF RAMP MD 02258,FAIZAN,COPELAND,(410)-625-6593,FAIZAN_COPELAND@gmail.com
214734592,6816 BROAD ST MD 65847,DERICK,KAUFMAN,(410)-526-6236,DERICK_KAUFMAN@gmail.com
639492176,3007 BUTTE PL MD 68937,DENE,BAXTER,(410)-785-6505,DENE_BAXTER@gmail.com
480197283,9594 ROSEMONT PL MD 30665,DEBORAH-LOUISE,CRAWFORD,(410)-107-2884,DEBORAH-LOUISE_CRAWFORD@gmail.com
264670323,7388 LINDA ST MD 45081,FRANCIS,DAVIS,(410)-569-7630,FRANCIS_DAVIS@gmail.com
403719494,468 CECILIA AVE MD 44268,KERRI,MORA,(410)-838-8970,KERRI_MORA@gmail.com
125876083,1351 BOARDMAN PL MD 74985,JANNIE,HARRELL,(410)-833-8303,JANNIE_HARRELL@gmail.com
382349764,5074 MORTON ST MD 64225,JACKIE,MCNEIL,(410)-427-2762,JACKIE_MCNEIL@gmail.com
900452761,7735 HAMPSHIRE ST MD 62572,ANNE-MARIE,SHEPARD,(410)-564-4144,ANNE-MARIE_SHEPARD@gmail.com
088550778,3414 ADOLPH SUTRO CT MD 94841,RHIANON,CASEY,(410)-242-6919,RHIANON_CASEY@gmail.com
573783734,2669 REX AVE MD 04287,KAYE,NASH,(410)-886-2028,KAYE_NASH@gmail.com
491993033,5818 AVENUE I MD 30352,LAWRA,BOYLE,(410)-231-0574,LAWRA_BOYLE@gmail.com
323387951,5220 STONEMAN ST MD 56524,JO,MYERS,(410)-648-8728,JO_MYERS@gmail.com
847682125,316 QUICKSTEP LN MD 98577,KESER,ARROYO,(410)-181-3339,KESER_ARROYO@gmail.com
445371266,8068 ELIZABETH ST MD 15516,ALYSHA,SHEPPARD,(410)-292-4444,ALYSHA_SHEPPARD@gmail.com
977805841,1600 MCCORMICK ST MD 28674,KAREEN,ROCHA,(410)-682-7962,KAREEN_ROCHA@gmail.com
657711806,1902 HATTIE ST MD 64962,NICKY,MITCHELL,(410)-679-4159,NICKY_MITCHELL@gmail.com
619856273,4932 TEMPLE ST MD 20327,BERNADETTE,HANSON,(410)-523-8738,BERNADETTE_HANSON@gmail.com
068857878,1820 06TH HP AVE MD 07066,KERA,DURAN,(410)-152-8712,KERA_DURAN@gmail.com
430944461,9873 BALHI CT MD 96080,JASON,STONE,(410)-841-4021,JASON_STONE@gmail.com
672742461,4854 GORGAS AVE MD 43498,NAFEES,COOPER,(410)-015-5356,NAFEES_COOPER@gmail.com
867439008,4714 LUNDEEN ST MD 08214,CARRAN,GRANT,(410)-543-4353,CARRAN_GRANT@gmail.com
712178617,9340 HEYMAN AVE MD 20304,HOK,CARROLL,(410)-613-7874,HOK_CARROLL@gmail.com
852158237,6414 IDORA AVE MD 84399,DAMION,CONNER,(410)-430-9883,DAMION_CONNER@gmail.com
584950106,6635 WARE ST MD 93061,CONNAL,HANSON,(410)-813-7342,CONNAL_HANSON@gmail.com
237844793,5652 UNNAMED 112 MD 19401,HAI,WEBB,(410)-709-2000,HAI_WEBB@gmail.com
252663120,9120 OPAL PL MD 12094,DARRAH-SUSANNE,KRAMER,(410)-381-5078,DARRAH-SUSANNE_KRAMER@gmail.com
396563092,8530 AUSTIN ST MD 42670,LEIGHANNE,JOHNS,(410)-553-7701,LEIGHANNE_JOHNS@gmail.com
796704161,7379 SLOAN ALY MD 10437,DENISE,DOMINGUEZ,(410)-075-8838,DENISE_DOMINGUEZ@gmail.com
468319238,8514 AERIAL WAY MD 66632,CHERLENE,PARKS,(410)-762-2550,CHERLENE_PARKS@gmail.com
940195266,9446 RINCON ST MD 65126,NADIR,PENA,(410)-444-2716,NADIR_PENA@gmail.com
485640938,8125 BANBURY DR MD 12929,CHOLE,ATKINS,(410)-230-2937,CHOLE_ATKINS@gmail.com
924237814,2620 REPOSA WAY MD 05032,KARI,RITTER,(410)-469-4046,KARI_RITTER@gmail.com
336158517,2534 PERSHING DR MD 35915,DAISY,PARKER,(410)-327-2129,DAISY_PARKER@gmail.com
451211735,9234 BATTERY CHAMBERLIN RD MD 57483,KINSEY,FAULKNER,(410)-424-4300,KINSEY_FAULKNER@gmail.com
003567076,4416 SPRING ST MD 77673,FRANCOIS,SHAH,(410)-756-2172,FRANCOIS_SHAH@gmail.com
443224947,2970 NELSON AVE MD 16901,KAILEIGH,BENTON,(410)-864-1350,KAILEIGH_BENTON@gmail.com
308729836,4693 CABRILLO ST MD 31065,SULTAN,FLETCHER,(410)-671-2069,SULTAN_FLETCHER@gmail.com
627955817,6687 VALPARAISO ST MD 10137,JACQLYN,DONALDSON,(410)-721-2468,JACQLYN_DONALDSON@gmail.com
925814460,2375 RONDEL PL MD 82106,KHARLENE,WEAVER,(410)-301-8428,KHARLENE_WEAVER@gmail.com
832002492,7837 THERESA ST MD 52805,LUCY,STRONG,(410)-238-2224,LUCY_STRONG@gmail.com
793417408,5780 GEORGE CT MD 25165,ALEIA,BATES,(410)-566-4761,ALEIA_BATES@gmail.com
513724020,130 SCOTIA AVE MD 85360,SAMATHA,CHASE,(410)-215-9892,SAMATHA_CHASE@gmail.com
703858038,7318 MARSILY ST MD 22869,HARRI,JACOBSON,(410)-463-1599,HARRI_JACOBSON@gmail.com
577923924,1732 DELANCEY ST MD 80268,CECIL,MCCONNELL,(410)-039-1019,CECIL_MCCONNELL@gmail.com
336383580,5544 TUSCANY ALY MD 81820,SORCHA,CUNNINGHAM,(410)-559-5514,SORCHA_CUNNINGHAM@gmail.com
827494896,9096 GILMAN AVE MD 71616,NOREEN,SHEPARD,(410)-142-8574,NOREEN_SHEPARD@gmail.com
004973779,3077 WALDO ALY MD 94191,SHAN,ADKINS,(410)-269-8531,SHAN_ADKINS@gmail.com
685226630,1612 POLK ST MD 94309,KENORA,WILEY,(410)-654-1467,KENORA_WILEY@gmail.com
693110012,3967 PALM AVE MD 94856,SIONED,WEST,(410)-406-6951,SIONED_WEST@gmail.com
979687821,6951 HARRIET ST MD 88681,ELENA,WILEY,(410)-092-6661,ELENA_WILEY@gmail.com
761484021,7263 WOOLSEY ST MD 51635,JOAN,KERR,(410)-745-3620,JOAN_KERR@gmail.com
422755199,9365 35TH AVE MD 33167,AMMAR,HERRING,(410)-298-3029,AMMAR_HERRING@gmail.com
138535857,8803 EDINBURGH ST MD 39359,JOHN-PAUL,PETTY,(410)-031-1318,JOHN-PAUL_PETTY@gmail.com
102956140,5076 OPAL PL MD 95907,AMESHIA,BAKER,(410)-513-5521,AMESHIA_BAKER@gmail.com
701099534,3334 ORDWAY ST MD 86837,KARLYN,MACK,(410)-530-0215,KARLYN_MACK@gmail.com
659692388,5996 KEZAR DR MD 33715,RODERICK,CLINE,(410)-515-7769,RODERICK_CLINE@gmail.com
254066266,2683 ZANOWITZ ST MD 83372,ROBIN,MILES,(410)-261-4787,ROBIN_MILES@gmail.com
644733007,948 HURON AVE MD 96276,DENE,PONCE,(410)-273-5744,DENE_PONCE@gmail.com
652201229,7962 CLAYTON ST MD 17300,ERRAINNE,GUTIERREZ,(410)-520-7387,ERRAINNE_GUTIERREZ@gmail.com
298163881,5924 CANBY LN MD 49455,RUSSELL,SHEPARD,(410)-161-5930,RUSSELL_SHEPARD@gmail.com
600710712,4143 GONZALEZ DR MD 03575,RAE-ANNE,STRONG,(410)-187-6911,RAE-ANNE_STRONG@gmail.com
755887212,5614 GENEBERN WAY MD 59470,MARESSA,MILLER,(410)-829-9328,MARESSA_MILLER@gmail.com
802381587,6217 AMETHYST WAY MD 87516,JASMINE,HARVEY,(410)-223-7383,JASMINE_HARVEY@gmail.com
815586693,9423 PINAR LN MD 95534,SAHIL,KIDD,(410)-605-1913,SAHIL_KIDD@gmail.com
672836948,1526 RUDDEN AVE MD 47883,LORA,OWEN,(410)-498-7970,LORA_OWEN@gmail.com
387613666,277 ELMIRA ST MD 27412,JUNYA,PARKS,(410)-115-8236,JUNYA_PARKS@gmail.com
217963887,4303 GLADEVIEW WAY MD 97339,JULIE-ANNE,CHOI,(410)-181-9477,JULIE-ANNE_CHOI@gmail.com
844522516,770 COLE ST MD 81673,LESLEY-ANN,WILLIAMSON,(410)-856-9172,LESLEY-ANN_WILLIAMSON@gmail.com
263936860,1186 GENOA PL MD 73467,AULAY,BLACKWELL,(410)-013-2327,AULAY_BLACKWELL@gmail.com
186051684,2750 VON SCHMIDT ST MD 31583,KRISTIAN,CAMPBELL,(410)-723-9290,KRISTIAN_CAMPBELL@gmail.com
708147425,4094 BAY VIEW ST MD 31538,SUZANN,HOBBS,(410)-424-8313,SUZANN_HOBBS@gmail.com
465218591,3167 COLLEGE TER MD 37682,CHEVONNE,HALL,(410)-490-7540,CHEVONNE_HALL@gmail.com
775159435,4786 MOORE LN MD 64399,PHELIM,PARSONS,(410)-032-1432,PHELIM_PARSONS@gmail.com
927661506,7597 GLENVIEW DR MD 77176,JOANNAH,BURKE,(410)-700-5518,JOANNAH_BURKE@gmail.com
138888496,6947 MONTCLAIR TER MD 42352,AARRON,RANDALL,(410)-410-0274,AARRON_RANDALL@gmail.com
190071889,6718 27TH AVE MD 76929,CHARIS,DOMINGUEZ,(410)-484-3330,CHARIS_DOMINGUEZ@gmail.com
477634931,4106 SAINT CHARLES AVE MD 90013,LEE,SERRANO,(410)-003-3774,LEE_SERRANO@gmail.com
547196149,6054 GARDEN ST MD 50748,JENIFFER,COLLIER,(410)-097-2582,JENIFFER_COLLIER@gmail.com
069077857,4162 CUNNINGHAM PL MD 39695,ERICKA,MCDANIEL,(410)-807-4807,ERICKA_MCDANIEL@gmail.com
564645933,6393 EMERSON ST MD 04059,SAMYRA,PECK,(410)-532-5235,SAMYRA_PECK@gmail.com
777076613,8290 TENNESSEE ST MD 62873,ELINOR,POTTS,(410)-101-7815,ELINOR_POTTS@gmail.com
875340450,9152 ATTRIDGE ALY MD 28975,JOLINDA,ARMSTRONG,(410)-710-3107,JOLINDA_ARMSTRONG@gmail.com
579568715,8573 HAYS ST MD 72183,DALJIT,LEWIS,(410)-202-9768,DALJIT_LEWIS@gmail.com
589684891,9577 10TH TI ST MD 47754,ANIONONYE,LOPEZ,(410)-015-9238,ANIONONYE_LOPEZ@gmail.com
539058117,6616 VISITACION AVE MD 37863,ANITA,DUARTE,(410)-031-0848,ANITA_DUARTE@gmail.com
783773452,3196 ALICE B TOKLAS PL MD 42736,AAMNA,HENSLEY,(410)-384-7798,AAMNA_HENSLEY@gmail.com
495941328,4585 AHERN WAY MD 61076,SUMYA,PATEL,(410)-118-6499,SUMYA_PATEL@gmail.com
880594390,1360 COSMO PL MD 86463,DEYANSE,PRUITT,(410)-775-5375,DEYANSE_PRUITT@gmail.com
261272440,4970 OCEAN AVE MD 72238,YAHAIRA,HALEY,(410)-271-4274,YAHAIRA_HALEY@gmail.com
355232169,1659 TOWNSEND ST MD 96209,RHIANNA,COLE,(410)-555-1883,RHIANNA_COLE@gmail.com
797904030,2228 DORLAND ST MD 23004,JORDAN,OCONNELL,(410)-631-1404,JORDAN_OCONNELL@gmail.com
674798854,7851 EMERALD LN MD 67654,KRYSTYNA,HARVEY,(410)-377-0390,KRYSTYNA_HARVEY@gmail.com
457608458,3860 NOBLES ALY MD 24012,TANWEER,MOSES,(410)-507-9325,TANWEER_MOSES@gmail.com
620349774,5767 EMERY LN MD 63080,RICHARD,SAMPSON,(410)-537-3075,RICHARD_SAMPSON@gmail.com
171152410,6430 12TH AVE MD 53201,ROSALYNNE,YODER,(410)-412-3988,ROSALYNNE_YODER@gmail.com
437409015,7386 BLUXOME ST MD 96640,ROBERTA,CABRERA,(410)-080-5471,ROBERTA_CABRERA@gmail.com
158094531,1089 NIMITZ LN MD 33260,DEBBIE-ANN,HUNT,(410)-651-3153,DEBBIE-ANN_HUNT@gmail.com
709279815,3200 CLAUDE LN MD 92639,ROSEANA,ATKINS,(410)-713-4368,ROSEANA_ATKINS@gmail.com
502647986,3359 FELL ACCESS RD MD 30117,MADELEINEA,HARRINGTON,(410)-507-4604,MADELEINEA_HARRINGTON@gmail.com
795669706,7668 MASSASOIT ST MD 51173,CARRICK,SHARP,(410)-655-7323,CARRICK_SHARP@gmail.com
052765384,751 TWIN PEAKS BLVD MD 09135,JASON,DOWNS,(410)-683-4179,JASON_DOWNS@gmail.com
825963796,1896 THRIFT ST MD 97754,GARRETH,DOWNS,(410)-512-9100,GARRETH_DOWNS@gmail.com
496762963,6767 TRANSBAY HUMP MD 81007,CAREY,MACDONALD,(410)-333-3091,CAREY_MACDONALD@gmail.com
990444312,1213 MUSIC CONCOURSE DR MD 51549,ZINNIROH,GREGORY,(410)-382-1967,ZINNIROH_GREGORY@gmail.com
803877122,5866 CUSTER AVE MD 97820,CHANTELLE,FOSTER,(410)-598-3510,CHANTELLE_FOSTER@gmail.com
678928808,4958 ARLINGTON ST MD 08898,YAU,LEVY,(410)-857-8077,YAU_LEVY@gmail.com
724512715,7009 CONSERVATORY DR WEST MD 58540,VAUGHN,RICH,(410)-628-4970,VAUGHN_RICH@gmail.com
104712588,1041 SCENIC WAY MD 66545,RORIE,MANN,(410)-393-3058,RORIE_MANN@gmail.com
962301936,1184 14TH ST MD 57353,JOANIE,GUERRERO,(410)-784-2909,JOANIE_GUERRERO@gmail.com
653823356,8461 BURNS PL MD 92775,KRISTJAN,ONEAL,(410)-683-8001,KRISTJAN_ONEAL@gmail.com
602026621,6529 LEAVENWORTH ST MD 47692,SMITHA,EVERETT,(410)-374-3602,SMITHA_EVERETT@gmail.com
318862231,4065 CALIFORNIA AVE MD 83606,TOVAH,SANFORD,(410)-763-0901,TOVAH_SANFORD@gmail.com
814727559,5357 UNNAMED 142 MD 38945,WAIYAN,BOYER,(410)-458-7149,WAIYAN_BOYER@gmail.com
314230727,2075 FORT MILEY 3 MD 89543,KIMBERLEY-ANNE,VAZQUEZ,(410)-748-7451,KIMBERLEY-ANNE_VAZQUEZ@gmail.com
825473078,2407 HOMER ST MD 66353,NICOLE,LOWERY,(410)-661-9769,NICOLE_LOWERY@gmail.com
457799096,2038 TELEGRAPH HILL BLVD MD 36044,SAMMIE,NIXON,(410)-390-7166,SAMMIE_NIXON@gmail.com
777478507,4266 EASTWOOD DR MD 53820,AIMIE,HOLDEN,(410)-828-1349,AIMIE_HOLDEN@gmail.com
454300168,4779 HUNTERS POINT EXPY MD 29824,JANNETTE,ORTIZ,(410)-091-4841,JANNETTE_ORTIZ@gmail.com
041346390,3957 ISSLEIB AVE MD 83360,AINUL,ROSE,(410)-512-2312,AINUL_ROSE@gmail.com
446780661,7416 SHERMAN RD MD 65007,LORNA,COLE,(410)-419-9166,LORNA_COLE@gmail.com
848843577,4588 PERIMETER PATH MD 48060,DEREK,MAYS,(410)-392-9627,DEREK_MAYS@gmail.com
205094952,2155 DANVERS ST MD 29507,RAKHA,BALL,(410)-405-5090,RAKHA_BALL@gmail.com
187689195,5009 GOETTINGEN ST MD 85587,KATRIENA,VILLARREAL,(410)-045-0987,KATRIENA_VILLARREAL@gmail.com
420537083,2414 SUNGLOW LN MD 49788,ROASHEEN,REED,(410)-834-4475,ROASHEEN_REED@gmail.com
342987997,1809 ALHAMBRA ST MD 43622,UMER,SUTTON,(410)-191-2279,UMER_SUTTON@gmail.com
221582665,2842 ADMIRAL AVE MD 82268,LUDOVIC,WANG,(410)-019-0630,LUDOVIC_WANG@gmail.com
377870841,9345 KIMBALL PL MD 98982,LEWIS,BURNS,(410)-720-5136,LEWIS_BURNS@gmail.com
588757996,8887 ROCKWOOD CT MD 68198,MARCO,STEIN,(410)-873-2764,MARCO_STEIN@gmail.com
023052115,2893 NORTH GATE RD MD 24076,VAIRI,WEISS,(410)-720-2166,VAIRI_WEISS@gmail.com
403480898,9797 BACON ST MD 86104,TREVOR,NORTON,(410)-338-7906,TREVOR_NORTON@gmail.com
034798224,2444 DWIGHT ST MD 80103,GARRY-JOHN,GOOD,(410)-275-5036,GARRY-JOHN_GOOD@gmail.com
364596494,4339 CHESLEY ST MD 48719,BALDEEP,PAGE,(410)-193-1688,BALDEEP_PAGE@gmail.com
496827612,3504 SANTA MONICA WAY MD 78675,SHERIF,HUNT,(410)-285-9837,SHERIF_HUNT@gmail.com
298950219,6831 CAMPBELL AVE MD 49471,ROSSLYN,CALHOUN,(410)-503-1482,ROSSLYN_CALHOUN@gmail.com
081529709,8785 VALLETTA CT MD 90314,LEAANN,SHEPHERD,(410)-323-1954,LEAANN_SHEPHERD@gmail.com
899795402,6273 ELLERT ST MD 46300,CARLEEN,THOMAS,(410)-489-5212,CARLEEN_THOMAS@gmail.com
954150964,2774 MARCY PL MD 99992,LEIGH-ANNE,THORNTON,(410)-054-1082,LEIGH-ANNE_THORNTON@gmail.com
361379221,7439 HILLCREST RD MD 12310,SANTINO,ROSALES,(410)-670-7523,SANTINO_ROSALES@gmail.com
259042321,6176 HILLSIDE LN MD 50034,SI,LEBLANC,(410)-836-3842,SI_LEBLANC@gmail.com
771211979,5899 TAYLOR ST MD 63332,KUSSAR,SAWYER,(410)-706-0409,KUSSAR_SAWYER@gmail.com
390518175,5385 HIGUERA AVE MD 50276,BRENDON,ESPINOZA,(410)-515-4471,BRENDON_ESPINOZA@gmail.com
761596684,9831 CAMEO WAY MD 28674,SHARAZ,HOOVER,(410)-474-3893,SHARAZ_HOOVER@gmail.com
040811600,1220 BURNSIDE AVE MD 22590,LYNN,BATES,(410)-847-4933,LYNN_BATES@gmail.com
450294373,4144 HOFFMAN AVE MD 38709,ERRIN,BURNS,(410)-540-2350,ERRIN_BURNS@gmail.com
181825195,4621 DOUGLASS ST MD 39348,IRRAM,TREVINO,(410)-363-8904,IRRAM_TREVINO@gmail.com
072359330,8227 KRONQUIST CT MD 04878,STEVI,MELENDEZ,(410)-557-4459,STEVI_MELENDEZ@gmail.com
058828450,2843 DIVISION ST MD 36105,SOSSITY,CAREY,(410)-058-5289,SOSSITY_CAREY@gmail.com
108988618,8478 NEWELL ST MD 00925,MAREE,CARTER,(410)-126-1102,MAREE_CARTER@gmail.com
459831240,8791 DOLORES TER MD 35373,BEJAN,MELENDEZ,(410)-639-0982,BEJAN_MELENDEZ@gmail.com
235204647,1609 ORA WAY MD 37905,FALLON,BARRY,(410)-695-2059,FALLON_BARRY@gmail.com
314508604,5688 LUNADO CT MD 36696,PHILIPPA,DYER,(410)-518-6462,PHILIPPA_DYER@gmail.com
975659551,8844 WEST CRYSTAL COVE TER MD 59488,AMANDA-LOUISE,CHASE,(410)-472-5536,AMANDA-LOUISE_CHASE@gmail.com
809828888,9068 POLK ST MD 20631,BLALE,BISHOP,(410)-779-2825,BLALE_BISHOP@gmail.com
420616933,4385 FUENTE AVE MD 72415,ELERI,MYERS,(410)-533-3013,ELERI_MYERS@gmail.com
898447369,7094 MILLER PL MD 04790,LILA,ROWE,(410)-708-1523,LILA_ROWE@gmail.com
027072476,4934 SANSOME ST MD 85628,CONSTANCE,HODGE,(410)-165-8719,CONSTANCE_HODGE@gmail.com
008185214,4136 MILL ST MD 55690,HIATHAM,STARK,(410)-193-5278,HIATHAM_STARK@gmail.com
700302870,7273 JESSIE EAST ST MD 20733,RAZVANA,SOTO,(410)-184-4941,RAZVANA_SOTO@gmail.com
382828420,4779 CAPP ST MD 84664,DARAN,KAUFMAN,(410)-482-6928,DARAN_KAUFMAN@gmail.com
427943899,3344 SONOMA ST MD 17836,LIZA,KIRBY,(410)-882-4346,LIZA_KIRBY@gmail.com
224371967,6285 BAYWOOD CT MD 42167,ARIF,WINTERS,(410)-520-1809,ARIF_WINTERS@gmail.com
505559834,1467 KEYES AVE MD 75352,JOHN-SCOTT,FITZPATRICK,(410)-143-9919,JOHN-SCOTT_FITZPATRICK@gmail.com
187233517,5635 PERRY ST MD 08804,SHAYNE,DENNIS,(410)-572-1495,SHAYNE_DENNIS@gmail.com
978705240,8147 LILLIAN ST MD 99104,SIOBHAN-KIRSTY,HESS,(410)-048-0203,SIOBHAN-KIRSTY_HESS@gmail.com
167246759,2228 ROANOKE ST MD 65916,TAMARA,KNAPP,(410)-754-9196,TAMARA_KNAPP@gmail.com
953544250,8014 LOWER TER MD 57212,ZIGGI,SMALL,(410)-054-2427,ZIGGI_SMALL@gmail.com
104724399,2391 BAY SHORE BLVD OFF RAMP MD 91884,NURUL,CHAPMAN,(410)-731-5532,NURUL_CHAPMAN@gmail.com
446846046,7299 DECATUR ST MD 18288,LYNZI,MYERS,(410)-071-9156,LYNZI_MYERS@gmail.com
093949241,2912 FUNSTON RD MD 57608,SHEMA,STANLEY,(410)-240-1762,SHEMA_STANLEY@gmail.com
007391238,9516 PORTWAY PASSAGE MD 37180,MARIANNE,BLANCHARD,(410)-365-6175,MARIANNE_BLANCHARD@gmail.com
424635696,7663 NAPOLEON ST MD 50951,ASAD,ROBERTSON,(410)-631-6716,ASAD_ROBERTSON@gmail.com
837183995,6753 HOWARD CT MD 32983,AMITA,VEGA,(410)-304-1516,AMITA_VEGA@gmail.com
719914720,7053 WILLOW ST MD 79340,BLAIR,YATES,(410)-212-8376,BLAIR_YATES@gmail.com
151549739,1547 MOFFITT ST MD 87960,ALICA,PARRISH,(410)-729-5697,ALICA_PARRISH@gmail.com
024358268,5757 ROSELLA CT MD 74257,CLAIR-LOUISE,ATKINS,(410)-876-9080,CLAIR-LOUISE_ATKINS@gmail.com
025196387,727 LONDON ST MD 92056,SAPPHIRE,PACE,(410)-467-9572,SAPPHIRE_PACE@gmail.com
553651210,4083 JENNINGS CT MD 61268,PAMALA,KAUFMAN,(410)-537-7858,PAMALA_KAUFMAN@gmail.com
689827169,3488 KEMPTON AVE MD 29953,SATVEER,VILLEGAS,(410)-051-0730,SATVEER_VILLEGAS@gmail.com
266472562,3831 WHITNEY ST MD 17064,IMRAN,HENDRICKS,(410)-004-9184,IMRAN_HENDRICKS@gmail.com
764377044,6777 CHATHAM PL MD 29022,KATHRYN,CARTER,(410)-471-7098,KATHRYN_CARTER@gmail.com
169920504,43 WALBRIDGE ST MD 43751,TRUDE,HUDSON,(410)-151-7793,TRUDE_HUDSON@gmail.com
512914584,3016 FRONT ST MD 63337,ABBIE,NGUYEN,(410)-701-6500,ABBIE_NGUYEN@gmail.com
775790978,6430 03RD ST MD 36176,LESLIE,BLACK,(410)-174-6757,LESLIE_BLACK@gmail.com
859882137,5830 DOVE LOOP MD 51847,ALIAH,NIXON,(410)-353-2194,ALIAH_NIXON@gmail.com
655334835,3441 STARR KING WAY MD 91781,LHEA,FRITZ,(410)-688-4031,LHEA_FRITZ@gmail.com
217105140,2999 MAULDIN ST MD 07750,PAMESH,KELLY,(410)-627-8509,PAMESH_KELLY@gmail.com
960280386,741 MORGAN ALY MD 77960,ATTIA,DUARTE,(410)-416-4708,ATTIA_DUARTE@gmail.com
591434934,2052 J ST MD 10832,JULIANNE,OSBORNE,(410)-878-7170,JULIANNE_OSBORNE@gmail.com
458687348,8927 SEACLIFF AVE MD 47104,MONISHA,ROSARIO,(410)-059-5046,MONISHA_ROSARIO@gmail.com
902862959,3850 INGALLS ST MD 52072,HONOR,AGUIRRE,(410)-830-1172,HONOR_AGUIRRE@gmail.com
934985608,524 SANSOME ST MD 17061,HAMZAH,MIDDLETON,(410)-095-4723,HAMZAH_MIDDLETON@gmail.com
119787572,5973 KENT ST MD 66442,ROSANAGH,BLAKE,(410)-731-5195,ROSANAGH_BLAKE@gmail.com
393921456,9559 LAKE MERCED HILL MD 93770,RANALD,MELTON,(410)-262-0031,RANALD_MELTON@gmail.com
882374493,1379 18TH AVE MD 47299,MECHELLE,DAVILA,(410)-324-3471,MECHELLE_DAVILA@gmail.com
658297581,2362 NORTH POINT ST MD 27745,NOELE,CHANEY,(410)-877-6796,NOELE_CHANEY@gmail.com
232888432,2098 CONCORD ST MD 04538,ANDREA,BENJAMIN,(410)-850-0445,ANDREA_BENJAMIN@gmail.com
776543992,6678 AUTOMOBILE DR MD 28302,JANNA,COWAN,(410)-530-7505,JANNA_COWAN@gmail.com
729330850,2630 GENOA PL MD 20529,JULIA,BENJAMIN,(410)-479-4899,JULIA_BENJAMIN@gmail.com
230856461,3458 CASHMERE ST MD 89704,BRANDON,ROWLAND,(410)-433-5710,BRANDON_ROWLAND@gmail.com
346871952,1792 INNES CT MD 43210,NANA,BUCHANAN,(410)-755-7825,NANA_BUCHANAN@gmail.com
555101909,1416 ROBINSON ST MD 90659,AQIB,WALTER,(410)-834-5733,AQIB_WALTER@gmail.com
110708950,4789 BLISS RD MD 25042,DANISH,SHORT,(410)-358-8716,DANISH_SHORT@gmail.com
094917206,8520 CHRISTMAS TREE POINT RD MD 84694,YEUNG,CASTRO,(410)-445-7484,YEUNG_CASTRO@gmail.com
638035566,8884 BLANDY ST MD 53456,KIN,HAYNES,(410)-559-6623,KIN_HAYNES@gmail.com
258036875,1597 MAIN ST MD 49878,JEAN,ARCHER,(410)-703-7134,JEAN_ARCHER@gmail.com
151596990,4734 BEVERLY ST MD 40134,KEZIA,ARELLANO,(410)-715-1094,KEZIA_ARELLANO@gmail.com
972807162,4084 OSHAUGHNESSY BLVD MD 47669,SYRAH,FRENCH,(410)-287-5192,SYRAH_FRENCH@gmail.com
478040387,5378 MINT PLZ MD 73877,BARRY-JOHN,PETTY,(410)-266-2919,BARRY-JOHN_PETTY@gmail.com
732252853,2970 WAVERLY PL MD 75989,SHANTEL,LOPEZ,(410)-672-9421,SHANTEL_LOPEZ@gmail.com
966042707,4652 SILLIMAN ST MD 07192,PIROSKA,RANDOLPH,(410)-183-7897,PIROSKA_RANDOLPH@gmail.com
256923862,263 DAY ST MD 33209,MAHESH,BARBER,(410)-078-1624,MAHESH_BARBER@gmail.com
916040838,5393 HARLEM ALY MD 29863,MHARI,GALLAGHER,(410)-209-8323,MHARI_GALLAGHER@gmail.com
795724645,1101 GRANVILLE WAY MD 50316,NORA,HOLDER,(410)-121-8426,NORA_HOLDER@gmail.com
983329795,5800 CARVER ST MD 61125,ELLIOT,BARRY,(410)-614-4690,ELLIOT_BARRY@gmail.com
066165060,6298 LAKESHORE DR MD 17732,LINSAY,DELACRUZ,(410)-003-3315,LINSAY_DELACRUZ@gmail.com
681815309,167 BANNAN PL MD 47734,AZAR,CARPENTER,(410)-318-9666,AZAR_CARPENTER@gmail.com
247970831,1064 GOLDEN CT MD 08217,KADY,ATKINS,(410)-492-8002,KADY_ATKINS@gmail.com
290313595,6409 CHATTANOOGA ST MD 71479,EVE,FERRELL,(410)-845-4758,EVE_FERRELL@gmail.com
791423549,6079 COSTA ST MD 62678,GEMMA-LOUISE,COLEMAN,(410)-696-0870,GEMMA-LOUISE_COLEMAN@gmail.com
525619622,9029 I-80 E OFF RAMP MD 29634,JUNE,BERG,(410)-465-2319,JUNE_BERG@gmail.com
002099374,9922 FORT MASON 19 MD 67529,DIANA,ARCHER,(410)-353-1063,DIANA_ARCHER@gmail.com
799384418,7374 WAVERLY PL MD 74203,NIKALA,BLACKWELL,(410)-431-0541,NIKALA_BLACKWELL@gmail.com
473940804,3951 QUARRY RD MD 54340,MARANNA,CROSBY,(410)-819-2219,MARANNA_CROSBY@gmail.com
100773926,6830 COLIN P KELLY JR ST MD 47705,ROISIN,STEIN,(410)-483-1838,ROISIN_STEIN@gmail.com
492779256,316 MOUNTAIN SPRING AVE MD 57827,GRANT,GILL,(410)-813-2484,GRANT_GILL@gmail.com
969557695,2737 MONTICELLO ST MD 86384,GILLIAN,BALL,(410)-217-8238,GILLIAN_BALL@gmail.com
530359943,9186 SAN ANDREAS WAY MD 66797,LAUREL,FARLEY,(410)-506-0338,LAUREL_FARLEY@gmail.com
844834093,2788 EATON PL MD 03124,JACK,CLARK,(410)-739-7709,JACK_CLARK@gmail.com
593216516,1922 UNNAMED 187 MD 56124,SHANNON,CANTRELL,(410)-283-5606,SHANNON_CANTRELL@gmail.com
200745916,1149 BEVERLY ST MD 64684,ULLIN,WARD,(410)-039-4857,ULLIN_WARD@gmail.com
511971748,736 INCINERATOR RD MD 41723,ASHLY,LIU,(410)-801-7272,ASHLY_LIU@gmail.com
494735432,6645 CLEO RAND AVE MD 20620,INGER,CUMMINGS,(410)-740-6841,INGER_CUMMINGS@gmail.com
072867900,9980 GETZ ST MD 15116,CHERAL,RIDDLE,(410)-567-6794,CHERAL_RIDDLE@gmail.com
065302431,5615 EXPOSITION DR MD 11465,TANSY,MURPHY,(410)-173-6831,TANSY_MURPHY@gmail.com
862907175,8360 NEY ST MD 71083,SIOBHAUN,VALENTINE,(410)-077-5712,SIOBHAUN_VALENTINE@gmail.com
729222442,230 BROOKS ST MD 64809,TERRI-MAY,PITTMAN,(410)-154-9107,TERRI-MAY_PITTMAN@gmail.com
409126328,3065 COLEMAN ST MD 17183,BARTEK,WELLS,(410)-611-4061,BARTEK_WELLS@gmail.com
900190608,563 DUDLEY RD MD 94695,SIDHEAN,GRAVES,(410)-871-3166,SIDHEAN_GRAVES@gmail.com
492386452,7686 LAS VILLAS CT MD 61041,SYMA,PORTER,(410)-493-7372,SYMA_PORTER@gmail.com
462570317,4432 LAKEWOOD AVE MD 07113,NAJIA,COBB,(410)-477-8716,NAJIA_COBB@gmail.com
385952956,8779 TRUBY ST MD 15660,SABINA,HAYNES,(410)-327-0525,SABINA_HAYNES@gmail.com
419198400,3538 POST ST MD 29318,RANALD,MCCULLOUGH,(410)-104-0520,RANALD_MCCULLOUGH@gmail.com
000692168,3073 HILL ST MD 25375,KATHLEEN,LANDRY,(410)-280-5700,KATHLEEN_LANDRY@gmail.com
469936295,7863 14TH AVE MD 10568,PASCAL,VANCE,(410)-533-2535,PASCAL_VANCE@gmail.com
998664385,7660 INDIA ST MD 40606,CASEY,BRADY,(410)-608-2062,CASEY_BRADY@gmail.com
574055942,6965 COLUMBUS AVE MD 99704,MANPREET,DAVID,(410)-639-0407,MANPREET_DAVID@gmail.com
293743855,5908 STATES ST MD 15891,JODEIGH,MADDEN,(410)-064-9182,JODEIGH_MADDEN@gmail.com
873434650,3926 CASTELO AVE MD 45382,MARY-THERESE,WOOD,(410)-678-4273,MARY-THERESE_WOOD@gmail.com
689368339,8682 FITCH ST MD 94108,LIBBY,MCBRIDE,(410)-256-4785,LIBBY_MCBRIDE@gmail.com
657392496,8362 BLAIR TER MD 90112,ERROL,MATHIS,(410)-005-2898,ERROL_MATHIS@gmail.com
